Year,State, Population , Total Homicides , Total Checks , Background Check Rate , Homicide Rate ,F-Homicide Rate,Firearm Death Rate,,,,,,,,, -   , 300 ,,0
1999,California," 33,145,121.00 "," 2,005.00 "," 883,144.00 "," 2,664 ", 6.05 , 4.16 , 9.20 ,,,,,,,,, 300.00 , 600 ,,18
1999,Texas," 20,044,141.00 "," 1,217.00 "," 710,025.00 "," 3,542 ", 6.07 , 3.96 , 10.52 ,,,,,,,,, 600.00 , 900 ,,
1999,Pennsylvania," 11,994,016.00 ", 592.00 ," 541,555.00 "," 4,515 ", 4.94 , 3.57 , 9.76 ,,,,,,,,, 900.00 ," 1,200 ",,
1999,Illinois," 12,128,370.00 ", 939.00 ," 484,848.00 "," 3,998 ", 7.74 , 5.68 , 9.75 ,,,,,,, 300.00 ,," 1,200.00 "," 1,500 ",,11
1999,Georgia," 7,788,240.00 ", 583.00 ," 409,810.00 "," 5,262 ", 7.49 , 5.62 , 13.88 ,,,,,,," 10,460.19 ",," 1,500.00 "," 1,800 ",,13
1999,North Carolina," 7,650,789.00 ", 552.00 ," 309,707.00 "," 4,048 ", 7.21 , 5.92 , 13.62 ,,,,,,,,," 1,800.00 "," 2,100 ",,16
1999,Michigan," 9,863,775.00 ", 695.00 ," 307,769.00 "," 3,120 ", 7.05 , 5.21 , 10.71 ,,,,,,,,," 2,100.00 "," 2,400 ",,14
1999,Ohio," 11,256,654.00 ", 397.00 ," 297,597.00 "," 2,644 ", 3.53 , 2.27 , 8.17 ,,,,,,,,," 2,400.00 "," 2,700 ",,25
1999,Florida," 15,111,244.00 ", 859.00 ," 279,700.00 "," 1,851 ", 5.68 , 3.61 , 11.28 ,,,,,,,,," 2,700.00 "," 3,000 ",,40
1999,Tennessee," 5,483,535.00 ", 391.00 ," 264,214.00 "," 4,818 ", 7.13 , 5.22 , 15.05 ,,,,,,, -   ,," 3,000.00 "," 3,300 ",,46
1999,Colorado," 4,056,133.00 ", 185.00 ," 257,308.00 "," 6,344 ", 4.56 , 2.59 , 10.21 ,,,,,,,,," 3,300.00 "," 3,600 ",,53
1999,Kentucky," 3,960,825.00 ", 203.00 ," 248,212.00 "," 6,267 ", 5.13 , 3.59 , 13.03 ,,,,,,,,," 3,600.00 "," 3,900 ",,40
1999,Alabama," 4,369,862.00 ", 345.00 ," 246,756.00 "," 5,647 ", 7.89 , 6.71 , 17.74 ,,,,,,,,," 3,900.00 "," 4,200 ",,37
1999,Virginia," 6,872,912.00 ", 392.00 ," 208,554.00 "," 3,034 ", 5.70 , 4.07 , 11.64 ,,,,,,,,," 4,200.00 "," 4,500 ",,23
1999,Missouri," 5,468,338.00 ", 359.00 ," 206,636.00 "," 3,779 ", 6.57 , 4.46 , 12.25 ,,,,,,,,," 4,500.00 "," 4,800 ",,27
1999,Indiana," 5,942,901.00 ", 391.00 ," 203,182.00 "," 3,419 ", 6.58 , 4.56 , 11.09 ,,,,,,,,," 4,800.00 "," 5,100 ",,23
1999,Louisiana," 4,372,035.00 ", 468.00 ," 196,015.00 "," 4,483 ", 10.70 , 7.78 , 17.25 ,,,,,,,,," 5,100.00 "," 5,400 ",,17
1999,New York," 18,196,601.00 ", 903.00 ," 186,627.00 "," 1,026 ", 4.96 , 2.95 , 5.42 ,,,,,,,,," 5,400.00 "," 5,700 ",,20
1999,Arkansas," 2,551,373.00 ", 143.00 ," 184,616.00 "," 7,236 ", 5.60 , 4.62 , 14.58 ,,,,,,,,," 5,700.00 "," 6,000 ",,17
1999,Mississippi," 2,768,619.00 ", 213.00 ," 182,114.00 "," 6,578 ", 7.69 , 7.73 , 17.92 ,,,,,,,,," 6,000.00 "," 6,300 ",,14
1999,Wisconsin," 5,250,446.00 ", 179.00 ," 179,340.00 "," 3,416 ", 3.41 , 2.27 , 7.96 ,,,,,,,,," 6,300.00 "," 6,600 ",,13
1999,Minnesota," 4,775,508.00 ", 134.00 ," 177,929.00 "," 3,726 ", 2.81 , 1.07 , 5.84 ,,,,,,,,," 6,600.00 "," 6,900 ",,10
1999,Arizona," 4,778,332.00 ", 384.00 ," 173,548.00 "," 3,632 ", 8.04 , 6.24 , 16.91 ,,,,,,,,," 6,900.00 "," 7,200 ",,7
1999,Oklahoma," 3,358,044.00 ", 231.00 ," 169,436.00 "," 5,046 ", 6.88 , 4.47 , 14.35 ,,,,,,,,," 7,200.00 "," 7,500 ",,14
1999,Oregon," 3,316,154.00 ", 88.00 ," 160,358.00 "," 4,836 ", 2.65 , 1.81 , 11.13 ,,,,,,,,," 7,500.00 "," 7,800 ",,3
1999,South Carolina," 3,885,736.00 ", 258.00 ," 145,493.00 "," 3,744 ", 6.64 , 5.74 , 13.72 ,,,,,,,,," 7,800.00 "," 8,100 ",,3
1999,West Virginia," 1,806,928.00 ", 79.00 ," 134,471.00 "," 7,442 ", 4.37 , 2.55 , 11.90 ,,,,,,,,," 8,100.00 "," 8,400 ",,6
1999,Washington," 5,756,361.00 ", 171.00 ," 133,674.00 "," 2,322 ", 2.97 , 1.88 , 9.88 ,,,,,,,,," 8,400.00 "," 8,700 ",,1
1999,Kansas," 2,654,052.00 ", 160.00 ," 106,108.00 "," 3,998 ", 6.03 , 3.05 , 9.31 ,,,,,,, 20.00 ,," 8,700.00 "," 9,000 ",,4
1999,New Mexico," 1,739,844.00 ", 170.00 ," 94,406.00 "," 5,426 ", 9.77 , 5.23 , 15.58 ,,,,,,,,," 9,000.00 "," 9,300 ",,4
1999,Iowa," 2,869,413.00 ", 43.00 ," 92,222.00 "," 3,214 ", 1.50 , 0.73 , 6.31 ,,,,,,,,," 9,300.00 "," 9,600 ",,2
1999,Maryland," 5,171,634.00 ", 465.00 ," 91,381.00 "," 1,767 ", 8.99 , 7.64 , 12.53 ,,,,,,,,," 9,600.00 "," 9,900 ",,0
1999,Connecticut," 3,282,031.00 ", 107.00 ," 87,209.00 "," 2,657 ", 3.26 , 2.44 , 5.79 ,,,,,,,,," 9,900.00 "," 10,200 ",,
1999,Idaho," 1,251,700.00 ", 25.00 ," 79,914.00 "," 6,384 ", 2.00 , 0.88 , 10.87 ,,,,,,,,," 10,200.00 "," 10,500 ",,1
1999,Utah," 2,129,836.00 ", 44.00 ," 77,718.00 "," 3,649 ", 2.07 , 1.08 , 8.26 ,,,,,,,,," 10,500.00 "," 10,800 ",,0
1999,Montana," 882,779.00 ", 22.00 ," 73,027.00 "," 8,272 ", 2.49 , 1.70 , 12.12 ,,,,,,,,," 10,800.00 "," 11,100 ",,0
1999,Nevada," 1,809,253.00 ", 165.00 ," 62,375.00 "," 3,448 ", 9.12 , 5.03 , 19.35 ,,,,,,,,," 11,100.00 "," 11,400 ",,0
1999,Nebraska," 1,666,028.00 ", 60.00 ," 47,959.00 "," 2,879 ", 3.60 , 1.74 , 8.04 ,,,,,,,,," 11,400.00 "," 11,700 ",,0
1999,Maine," 1,253,040.00 ", 25.00 ," 47,160.00 "," 3,764 ", 2.00 , -   , 6.94 ,,,,,,,,," 11,700.00 "," 12,000 ",,0
1999,Alaska," 619,500.00 ", 52.00 ," 43,073.00 "," 6,953 ", 8.39 , 4.04 , 12.91 ,,,,,,,,," 12,000.00 "," 12,300 ",,0
1999,New Jersey," 8,143,412.00 ", 287.00 ," 38,601.00 ", 474 , 3.52 , 1.78 , 4.18 ,,,,,,,,," 12,300.00 "," 12,600 ",,0
1999,New Hampshire," 1,201,134.00 ", 18.00 ," 37,711.00 "," 3,140 ", 1.50 , -   , 4.08 ,,,,,,,,," 12,600.00 "," 12,900 ",,0
1999,Wyoming," 479,602.00 ", 11.00 ," 35,476.00 "," 7,397 ", 2.29 , -   , 11.26 ,,,,,,,,," 12,900.00 "," 13,200 ",,0
1999,South Dakota," 733,133.00 ", 18.00 ," 31,327.00 "," 4,273 ", 2.46 , -   , 7.09 ,,,,,,,,," 13,200.00 "," 13,500 ",,0
1999,North Dakota," 633,666.00 ", 10.00 ," 29,864.00 "," 4,713 ", 1.58 , -   , 6.15 ,,,,,,,,," 13,500.00 "," 13,800 ",,0
1999,Massachusetts," 6,175,169.00 ", 122.00 ," 24,314.00 ", 394 , 1.98 , 0.97 , 2.88 ,,,,,,,,," 13,800.00 "," 14,100 ",,0
1999,Vermont," 593,740.00 ", 17.00 ," 22,218.00 "," 3,742 ", 2.86 , -   , 4.88 ,,,,,,,,," 14,100.00 "," 14,400 ",,0
1999,Delaware," 753,538.00 ", 24.00 ," 17,594.00 "," 2,335 ", 3.18 , 2.26 , 7.30 ,,,,,,,,," 14,400.00 "," 14,700 ",,0
1999,Rhode Island," 990,819.00 ", 36.00 ," 10,677.00 "," 1,078 ", 3.63 , 2.02 , 4.44 ,,,,,,,,," 14,700.00 "," 15,000 ",,0
1999,Hawaii," 1,185,497.00 ", 44.00 ," 5,343.00 ", 451 , 3.71 , 1.52 , 3.37 ,,,,,,,,," 15,000.00 "," 15,300 ",,0
2000,California," 33,871,648.00 "," 2,079.00 "," 794,506.00 "," 2,346 ", 6.14 , 4.38 , 9.15 ,,,,,,,,,,,,
2000,Texas," 20,851,820.00 "," 1,238.00 "," 662,970.00 "," 3,179 ", 5.94 , 3.86 , 10.32 ,,,,,,,,," 15,600.00 "," 15,900 ",,
2000,Pennsylvania," 12,281,054.00 ", 602.00 ," 481,294.00 "," 3,919 ", 4.90 , 3.50 , 10.06 ,,,,,,,,,,,,
2000,Illinois," 12,419,293.00 ", 898.00 ," 449,771.00 "," 3,622 ", 7.23 , 5.43 , 8.90 ,,,,,,,,,,,,
2000,Georgia," 8,186,453.00 ", 651.00 ," 352,357.00 "," 4,304 ", 7.95 , 5.40 , 13.18 ,,,,,,,,," 16,500.00 "," 16,800 ",,
2000,Colorado," 4,301,261.00 ", 134.00 ," 307,512.00 "," 7,149 ", 3.12 , 1.58 , 9.72 ,,,,,,,,," 16,800.00 "," 17,100 ",,
2000,Michigan," 9,938,444.00 ", 669.00 ," 300,661.00 "," 3,025 ", 6.73 , 5.02 , 10.50 ,,,,,,,,," 17,100.00 "," 17,400 ",,
2000,North Carolina," 8,049,313.00 ", 560.00 ," 290,884.00 "," 3,614 ", 6.96 , 5.67 , 13.70 ,,,,,,,,,,,,
2000,Ohio," 11,353,140.00 ", 418.00 ," 274,165.00 "," 2,415 ", 3.68 , 2.23 , 7.65 ,,,,,,,,," 17,700.00 "," 18,000 ",,
2000,Florida," 15,982,378.00 ", 903.00 ," 266,035.00 "," 1,665 ", 5.65 , 2.92 , 10.52 ,,,,,,,,,,,,
2000,Tennessee," 5,689,283.00 ", 410.00 ," 234,673.00 "," 4,125 ", 7.21 , 6.03 , 15.52 ,,,,,,,,," 18,300.00 "," 18,600 ",,
2000,Kentucky," 4,041,769.00 ", 193.00 ," 229,896.00 "," 5,688 ", 4.78 , 3.07 , 12.84 ,,,,,,,,,,,,
2000,Alabama," 4,447,100.00 ", 329.00 ," 221,911.00 "," 4,990 ", 7.40 , 6.61 , 16.95 ,,,,,,,,,,,,
2000,Missouri," 5,595,211.00 ", 347.00 ," 191,578.00 "," 3,424 ", 6.20 , 4.88 , 13.05 ,,,,,,,,,,,,
2000,Virginia," 7,078,515.00 ", 401.00 ," 188,508.00 "," 2,663 ", 5.67 , 4.01 , 10.85 ,,,,,,,,," 19,500.00 "," 19,800 ",,
2000,Minnesota," 4,919,479.00 ", 151.00 ," 185,100.00 "," 3,763 ", 3.07 , 1.40 , 5.94 ,,,,,,,,,,,,
2000,Indiana," 6,080,485.00 ", 352.00 ," 182,319.00 "," 2,998 ", 5.79 , 3.59 , 10.64 ,,,,,,,,,,,,
2000,Wisconsin," 5,363,675.00 ", 169.00 ," 180,492.00 "," 3,365 ", 3.15 , 2.09 , 7.76 ,,,,,,,,,,,,
2000,Louisiana," 4,468,976.00 ", 560.00 ," 174,706.00 "," 3,909 ", 12.53 , 9.40 , 17.10 ,,,,,,,,," 20,700.00 "," 21,000 ",,
2000,Arkansas," 2,673,400.00 ", 168.00 ," 169,628.00 "," 6,345 ", 6.28 , 5.24 , 14.36 ,,,,,,,,,,,,
2000,Mississippi," 2,844,658.00 ", 255.00 ," 163,980.00 "," 5,764 ", 8.96 , 7.52 , 15.26 ,,,,,,,,," 21,300.00 "," 21,600 ",,
2000,New York," 18,976,457.00 ", 952.00 ," 163,974.00 ", 864 , 5.02 , 3.16 , 5.69 ,,,,,,,,,,,,
2000,Oklahoma," 3,450,654.00 ", 182.00 ," 156,988.00 "," 4,550 ", 5.27 , 3.33 , 12.84 ,,,,,,,,," 21,900.00 "," 22,200 ",,
2000,Arizona," 5,130,632.00 ", 359.00 ," 148,263.00 "," 2,890 ", 7.00 , 5.28 , 15.26 ,,,,,,,,," 22,200.00 "," 22,500 ",,
2000,Oregon," 3,421,399.00 ", 70.00 ," 135,336.00 "," 3,956 ", 2.05 , 1.64 , 10.46 ,,,,,,,,,,,,
2000,Washington," 5,894,121.00 ", 196.00 ," 134,255.00 "," 2,278 ", 3.33 , 1.90 , 8.52 ,,,,,,,,,,,,
2000,South Carolina," 4,012,012.00 ", 291.00 ," 128,618.00 "," 3,206 ", 7.25 , 4.09 , 11.84 ,,,,,,,,,,,,
2000,West Virginia," 1,808,344.00 ", 46.00 ," 128,258.00 "," 7,093 ", 2.54 , 2.38 , 11.94 ,,,,,,,,,,,,
2000,Kansas," 2,688,418.00 ", 169.00 ," 96,716.00 "," 3,598 ", 6.29 , 3.16 , 10.08 ,,,,,,,,,,,,
2000,Iowa," 2,926,324.00 ", 46.00 ," 87,796.00 "," 3,000 ", 1.57 , 0.44 , 5.81 ,,,,,,,,,,,,
2000,Connecticut," 3,405,565.00 ", 98.00 ," 87,586.00 "," 2,572 ", 2.88 , 1.73 , 4.99 ,,,,,,,,,,,,
2000,Maryland," 5,296,486.00 ", 430.00 ," 84,309.00 "," 1,592 ", 8.12 , 6.65 , 11.42 ,,,,,,,,,,,,
2000,New Mexico," 1,819,046.00 ", 135.00 ," 84,034.00 "," 4,620 ", 7.42 , 5.44 , 15.06 ,,,,,,,,," 24,900.00 "," 25,200 ",,
2000,Idaho," 1,293,953.00 ", 16.00 ," 77,138.00 "," 5,961 ", 1.24 , 0.93 , 9.20 ,,,,,,,,," 25,200.00 "," 25,500 ",,
2000,Montana," 902,195.00 ", 20.00 ," 71,115.00 "," 7,882 ", 2.22 , 1.11 , 12.75 ,,,,,,,,," 25,500.00 "," 25,800 ",,
2000,Utah," 2,233,169.00 ", 43.00 ," 67,420.00 "," 3,019 ", 1.93 , -   , 7.79 ,,,,,,,,,,,,
2000,Massachusetts," 6,349,097.00 ", 125.00 ," 54,843.00 ", 864 , 1.97 , 0.91 , 2.57 ,,,,,,,,,,,,
2000,Nevada," 1,998,257.00 ", 129.00 ," 49,807.00 "," 2,493 ", 6.46 , 4.00 , 16.06 ,,,,,,,,," 26,400.00 "," 26,700 ",,
2000,Maine," 1,274,923.00 ", 15.00 ," 45,028.00 "," 3,532 ", 1.18 , -   , 7.69 ,,,,,,,,,,,,
2000,Nebraska," 1,711,263.00 ", 63.00 ," 44,825.00 "," 2,619 ", 3.68 , 2.16 , 8.77 ,,,,,,,,,,,,
2000,New Hampshire," 1,235,786.00 ", 22.00 ," 40,120.00 "," 3,247 ", 1.78 , -   , 5.42 ,,,,,,,,," 27,300.00 "," 27,600 ",,
2000,Alaska," 626,932.00 ", 27.00 ," 39,959.00 "," 6,374 ", 4.31 , 2.55 , 17.86 ,,,,,,,,,,,,
2000,New Jersey," 8,414,350.00 ", 289.00 ," 37,106.00 ", 441 , 3.43 , 1.95 , 3.78 ,,,,,,,,," 27,900.00 "," 28,200 ",,
2000,South Dakota," 754,844.00 ", 7.00 ," 36,723.00 "," 4,865 ", 0.93 , -   , 6.09 ,,,,,,,,," 28,200.00 "," 28,500 ",,
2000,Wyoming," 493,782.00 ", 12.00 ," 34,295.00 "," 6,945 ", 2.43 , -   , 8.71 ,,,,,,,,,,,,
2000,North Dakota," 642,200.00 ", 4.00 ," 32,358.00 "," 5,039 ", 0.62 , -   , 4.36 ,,,,,,,,,,,,
2000,Vermont," 608,827.00 ", 9.00 ," 20,300.00 "," 3,334 ", 1.48 , -   , 6.90 ,,,,,,,,,,,,
2000,Delaware," 783,600.00 ", 25.00 ," 15,347.00 "," 1,959 ", 3.19 , -   , 4.98 ,,,,,,,,,,,,
2000,Rhode Island," 1,048,319.00 ", 45.00 ," 9,414.00 ", 898 , 4.29 , 2.58 , 4.96 ,,,,,,,,," 29,700.00 "," 30,000 ",,
2000,Hawaii," 1,211,537.00 ", 35.00 ," 6,609.00 ", 546 , 2.89 , -   , 2.31 ,,,,,,,,,,,,
2001,California," 34,600,463.00 "," 2,206.00 "," 854,569.00 "," 2,470 ", 6.38 , 4.59 , 9.23 ,,,,,,,,,,,,
2001,Texas," 21,370,983.00 "," 1,332.00 "," 672,746.00 "," 3,148 ", 6.23 , 4.08 , 10.95 ,,,,,,,,,,,,
2001,Pennsylvania," 12,303,104.00 ", 651.00 ," 509,881.00 "," 4,144 ", 5.29 , 3.61 , 9.44 ,,,,,,,,,,,,
2001,Illinois," 12,520,227.00 ", 982.00 ," 462,702.00 "," 3,696 ", 7.84 , 5.97 , 10.10 ,,,,,,,,,,,,
2001,Michigan," 10,006,266.00 ", 672.00 ," 363,424.00 "," 3,632 ", 6.72 , 4.91 , 10.56 ,,,,,,,,,,,,
2001,Colorado," 4,430,989.00 ", 158.00 ," 348,696.00 "," 7,869 ", 3.57 , 2.03 , 10.83 ,,,,,,,,,,,,
2001,Georgia," 8,405,677.00 ", 598.00 ," 325,521.00 "," 3,873 ", 7.11 , 5.40 , 13.22 ,,,,,,,,,,,,
2001,Florida," 16,373,330.00 ", 874.00 ," 303,396.00 "," 1,853 ", 5.34 , 3.50 , 10.94 ,,,,,,,,,,,,
2001,Ohio," 11,389,785.00 ", 452.00 ," 292,159.00 "," 2,565 ", 3.97 , 2.77 , 8.78 ,,,,,,,,,,,,
2001,North Carolina," 8,206,105.00 ", 505.00 ," 289,571.00 "," 3,529 ", 6.15 , 5.05 , 13.12 ,,,,,,,,,,,,
2001,Kentucky," 4,068,816.00 ", 181.00 ," 238,996.00 "," 5,874 ", 4.45 , 3.39 , 12.41 ,,,,,,,,,,,,
2001,Tennessee," 5,749,398.00 ", 423.00 ," 230,779.00 "," 4,014 ", 7.36 , 5.34 , 14.38 ,,,,,,,,,,,,
2001,Alabama," 4,468,912.00 ", 379.00 ," 230,187.00 "," 5,151 ", 8.48 , 6.76 , 16.25 ,,,,,,,,,,,,
2001,Missouri," 5,637,309.00 ", 372.00 ," 199,470.00 "," 3,538 ", 6.60 , 4.88 , 12.45 ,,,,,,,,,,,,
2001,Virginia," 7,196,750.00 ", 364.00 ," 196,181.00 "," 2,726 ", 5.06 , 3.82 , 10.45 ,,,,,,,,,,,,
2001,Indiana," 6,126,743.00 ", 413.00 ," 195,780.00 "," 3,195 ", 6.74 , 4.64 , 11.65 ,,,,,,,,,,,,
2001,Minnesota," 4,984,535.00 ", 119.00 ," 191,935.00 "," 3,851 ", 2.39 , 1.26 , 6.12 ,,,,,,,,,,,,
2001,Wisconsin," 5,405,947.00 ", 192.00 ," 181,798.00 "," 3,363 ", 3.55 , 2.48 , 8.34 ,,,,,,,,,,,,
2001,Louisiana," 4,470,368.00 ", 501.00 ," 177,775.00 "," 3,977 ", 11.21 , 8.90 , 17.00 ,,,,,,,,,,,,
2001,New York," 19,084,350.00 ", 960.00 ," 175,967.00 ", 922 , 5.03 , 3.04 , 5.48 ,,,,,,,,,,,,
2001,Arkansas," 2,694,698.00 ", 148.00 ," 166,062.00 "," 6,163 ", 5.49 , 4.08 , 14.62 ,,,,,,,,,,,,
2001,Oklahoma," 3,469,577.00 ", 185.00 ," 164,126.00 "," 4,730 ", 5.33 , 3.63 , 13.40 ,,,,,,,,,,,,
2001,Washington," 5,993,390.00 ", 179.00 ," 161,380.00 "," 2,693 ", 2.99 , 1.62 , 8.14 ,,,,,,,,,,,,
2001,Mississippi," 2,859,733.00 ", 282.00 ," 159,421.00 "," 5,575 ", 9.86 , 7.83 , 16.64 ,,,,,,,,,,,,
2001,Arizona," 5,306,966.00 ", 400.00 ," 147,582.00 "," 2,781 ", 7.54 , 6.22 , 15.75 ,,,,,,,,,,,,
2001,Oregon," 3,473,441.00 ", 84.00 ," 141,295.00 "," 4,068 ", 2.42 , 1.18 , 9.59 ,,,,,,,,,,,,
2001,West Virginia," 1,800,975.00 ", 40.00 ," 138,421.00 "," 7,686 ", 2.22 , 1.67 , 12.49 ,,,,,,,,,,,,
2001,South Carolina," 4,062,125.00 ", 330.00 ," 132,781.00 "," 3,269 ", 8.12 , 5.39 , 13.34 ,,,,,,,,,,,,
2001,Kansas," 2,702,125.00 ", 92.00 ," 95,408.00 "," 3,531 ", 3.40 , 3.03 , 8.96 ,,,,,,,,,,,,
2001,Connecticut," 3,434,602.00 ", 105.00 ," 89,689.00 "," 2,611 ", 3.06 , 2.07 , 5.36 ,,,,,,,,,,,,
2001,Iowa," 2,931,967.00 ", 50.00 ," 89,658.00 "," 3,058 ", 1.71 , 0.34 , 5.70 ,,,,,,,,,,,,
2001,New Mexico," 1,830,935.00 ", 99.00 ," 84,874.00 "," 4,636 ", 5.41 , 3.66 , 13.93 ,,,,,,,,,,,,
2001,Maryland," 5,386,079.00 ", 446.00 ," 83,347.00 "," 1,547 ", 8.28 , 6.74 , 10.77 ,,,,,,,,,,,,
2001,Idaho," 1,320,585.00 ", 30.00 ," 75,400.00 "," 5,710 ", 2.27 , 1.14 , 11.43 ,,,,,,,,,,,,
2001,Montana," 905,382.00 ", 34.00 ," 74,752.00 "," 8,256 ", 3.76 , 1.10 , 15.79 ,,,,,,,,,,,,
2001,Utah," 2,278,712.00 ", 67.00 ," 67,518.00 "," 2,963 ", 2.94 , 1.36 , 9.35 ,,,,,,,,,,,,
2001,Massachusetts," 6,401,164.00 ", 143.00 ," 66,635.00 "," 1,041 ", 2.23 , 1.14 , 2.73 ,,,,,,,,,,,,
2001,Nevada," 2,097,722.00 ", 180.00 ," 50,549.00 "," 2,410 ", 8.58 , 5.05 , 16.02 ,,,,,,,,,,,,
2001,Maine," 1,284,470.00 ", 19.00 ," 50,019.00 "," 3,894 ", 1.48 , -   , 6.70 ,,,,,,,,,,,,
2001,New Hampshire," 1,259,359.00 ", 17.00 ," 45,727.00 "," 3,631 ", 1.35 , -   , 5.64 ,,,,,,,,,,,,
2001,Nebraska," 1,720,039.00 ", 43.00 ," 44,401.00 "," 2,581 ", 2.50 , 1.05 , 7.03 ,,,,,,,,,,,,
2001,South Dakota," 758,324.00 ", 7.00 ," 40,861.00 "," 5,388 ", 0.92 , -   , 5.54 ,,,,,,,,,,,,
2001,Alaska," 633,630.00 ", 39.00 ," 39,959.00 "," 6,306 ", 6.16 , 3.31 , 12.94 ,,,,,,,,,,,,
2001,New Jersey," 8,511,116.00 ", 336.00 ," 39,527.00 ", 464 , 3.95 , 2.06 , 4.02 ,,,,,,,,,,,,
2001,Wyoming," 493,754.00 ", 9.00 ," 34,454.00 "," 6,978 ", 1.82 , -   , 12.35 ,,,,,,,,,,,,
2001,North Dakota," 636,550.00 ", 7.00 ," 32,105.00 "," 5,044 ", 1.10 , -   , 5.18 ,,,,,,,,,,,,
2001,Vermont," 612,978.00 ", 7.00 ," 20,657.00 "," 3,370 ", 1.14 , -   , 4.08 ,,,,,,,,,,,,
2001,Delaware," 796,599.00 ", 23.00 ," 16,619.00 "," 2,086 ", 2.89 , 2.26 , 8.79 ,,,,,,,,,,,,
2001,Rhode Island," 1,059,659.00 ", 39.00 ," 10,233.00 ", 966 , 3.68 , 1.70 , 3.30 ,,,,,,,,,,,,
2001,Hawaii," 1,227,024.00 ", 32.00 ," 7,464.00 ", 608 , 2.61 , -   , 2.04 ,,,,,,,,,,,,
2002,California," 35,001,986.00 "," 2,395.00 "," 684,390.00 "," 1,955 ", 6.84 , 5.17 , 9.69 ,,,,,,,,,,,,
2002,Texas," 21,736,925.00 "," 1,302.00 "," 664,745.00 "," 3,058 ", 5.99 , 4.09 , 10.53 ,,,,,,,,,,,,
2002,Pennsylvania," 12,328,827.00 ", 624.00 ," 567,702.00 "," 4,605 ", 5.06 , 3.69 , 9.71 ,,,,,,,,,,,,
2002,Illinois," 12,586,447.00 ", 961.00 ," 446,138.00 "," 3,545 ", 7.64 , 5.78 , 9.69 ,,,,,,,,,,,,
2002,Michigan," 10,043,221.00 ", 678.00 ," 353,540.00 "," 3,520 ", 6.75 , 4.82 , 10.57 ,,,,,,,,,,,,
2002,Ohio," 11,408,699.00 ", 526.00 ," 297,033.00 "," 2,604 ", 4.61 , 3.09 , 9.24 ,,,,,,,,,,,,
2002,Florida," 16,691,701.00 ", 911.00 ," 288,848.00 "," 1,730 ", 5.46 , 3.80 , 11.19 ,,,,,,,,,,,,
2002,Georgia," 8,544,005.00 ", 606.00 ," 285,201.00 "," 3,338 ", 7.09 , 5.58 , 13.11 ,,,,,,,,,,,,
2002,North Carolina," 8,305,820.00 ", 548.00 ," 268,916.00 "," 3,238 ", 6.60 , 5.53 , 13.41 ,,,,,,,,,,,,
2002,Kentucky," 4,089,822.00 ", 191.00 ," 229,423.00 "," 5,610 ", 4.67 , 3.11 , 12.98 ,,,,,,,,,,,,
2002,Tennessee," 5,789,796.00 ", 420.00 ," 223,048.00 "," 3,852 ", 7.25 , 5.58 , 15.27 ,,,,,,,,,,,,
2002,Alabama," 4,478,896.00 ", 303.00 ," 221,008.00 "," 4,934 ", 6.77 , 6.52 , 15.83 ,,,,,,,,,,,,
2002,Missouri," 5,669,544.00 ", 331.00 ," 197,990.00 "," 3,492 ", 5.84 , 4.46 , 11.92 ,,,,,,,,,,,,
2002,Washington," 6,067,060.00 ", 184.00 ," 193,439.00 "," 3,188 ", 3.03 , 1.68 , 8.88 ,,,,,,,,,,,,
2002,Minnesota," 5,024,791.00 ", 112.00 ," 192,392.00 "," 3,829 ", 2.23 , 1.00 , 5.73 ,,,,,,,,,,,,
2002,Virginia," 7,287,829.00 ", 388.00 ," 191,789.00 "," 2,632 ", 5.32 , 3.92 , 10.66 ,,,,,,,,,,,,
2002,Indiana," 6,156,913.00 ", 362.00 ," 188,235.00 "," 3,057 ", 5.88 , 3.69 , 11.17 ,,,,,,,,,,,,
2002,Colorado," 4,501,051.00 ", 179.00 ," 183,754.00 "," 4,082 ", 3.98 , 2.58 , 11.02 ,,,,,,,,,,,,
2002,Wisconsin," 5,439,692.00 ", 154.00 ," 173,779.00 "," 3,195 ", 2.83 , 2.24 , 7.90 ,,,,,,,,,,,,
2002,Louisiana," 4,476,192.00 ", 593.00 ," 169,580.00 "," 3,788 ", 13.25 , 10.37 , 19.15 ,,,,,,,,,,,,
2002,New York," 19,134,293.00 ", 909.00 ," 160,927.00 ", 841 , 4.75 , 2.86 , 5.13 ,,,,,,,,,,,,
2002,Oklahoma," 3,489,700.00 ", 163.00 ," 159,489.00 "," 4,570 ", 4.67 , 3.21 , 12.49 ,,,,,,,,,,,,
2002,Arkansas," 2,706,268.00 ", 142.00 ," 153,424.00 "," 5,669 ", 5.25 , 5.39 , 15.82 ,,,,,,,,,,,,
2002,Mississippi," 2,866,733.00 ", 264.00 ," 149,948.00 "," 5,231 ", 9.21 , 7.26 , 16.46 ,,,,,,,,,,,,
2002,Arizona," 5,441,125.00 ", 387.00 ," 142,260.00 "," 2,615 ", 7.11 , 6.49 , 17.70 ,,,,,,,,,,,,
2002,Oregon," 3,520,355.00 ", 72.00 ," 137,513.00 "," 3,906 ", 2.05 , 1.82 , 9.94 ,,,,,,,,,,,,
2002,West Virginia," 1,804,884.00 ", 57.00 ," 134,846.00 "," 7,471 ", 3.16 , 2.99 , 13.41 ,,,,,,,,,,,,
2002,South Carolina," 4,103,770.00 ", 298.00 ," 121,976.00 "," 2,972 ", 7.26 , 5.31 , 13.38 ,,,,,,,,,,,,
2002,Massachusetts," 6,421,800.00 ", 173.00 ," 94,824.00 "," 1,477 ", 2.69 , 1.40 , 2.94 ,,,,,,,,,,,,
2002,Kansas," 2,711,769.00 ", 78.00 ," 94,110.00 "," 3,470 ", 2.88 , 2.43 , 9.22 ,,,,,,,,,,,,
2002,Connecticut," 3,458,587.00 ", 84.00 ," 93,598.00 "," 2,706 ", 2.43 , 1.53 , 3.99 ,,,,,,,,,,,,
2002,Iowa," 2,935,840.00 ", 44.00 ," 90,358.00 "," 3,078 ", 1.50 , 0.92 , 6.27 ,,,,,,,,,,,,
2002,New Mexico," 1,852,044.00 ", 152.00 ," 80,057.00 "," 4,323 ", 8.21 , 4.10 , 15.50 ,,,,,,,,,,,,
2002,Maryland," 5,450,525.00 ", 513.00 ," 78,764.00 "," 1,445 ", 9.41 , 6.70 , 10.90 ,,,,,,,,,,,,
2002,Montana," 910,372.00 ", 16.00 ," 76,322.00 "," 8,384 ", 1.76 , -   , 12.63 ,,,,,,,,,,,,
2002,Idaho," 1,343,124.00 ", 36.00 ," 74,062.00 "," 5,514 ", 2.68 , 0.89 , 11.09 ,,,,,,,,,,,,
2002,Utah," 2,318,789.00 ", 47.00 ," 61,710.00 "," 2,661 ", 2.03 , 0.82 , 8.32 ,,,,,,,,,,,,
2002,Maine," 1,294,894.00 ", 14.00 ," 49,922.00 "," 3,855 ", 1.08 , -   , 5.56 ,,,,,,,,,,,,
2002,New Hampshire," 1,274,405.00 ", 12.00 ," 49,666.00 "," 3,897 ", 0.94 , -   , 4.47 ,,,,,,,,,,,,
2002,Nevada," 2,167,455.00 ", 181.00 ," 47,155.00 "," 2,176 ", 8.35 , 4.75 , 16.06 ,,,,,,,,,,,,
2002,South Dakota," 760,437.00 ", 11.00 ," 44,282.00 "," 5,823 ", 1.45 , -   , 5.92 ,,,,,,,,,,,,
2002,New Jersey," 8,575,252.00 ", 339.00 ," 43,318.00 ", 505 , 3.95 , 2.39 , 4.71 ,,,,,,,,,,,,
2002,Nebraska," 1,727,564.00 ", 48.00 ," 43,177.00 "," 2,499 ", 2.78 , 1.39 , 7.18 ,,,,,,,,,,,,
2002,Alaska," 641,482.00 ", 33.00 ," 36,793.00 "," 5,736 ", 5.14 , 3.74 , 17.30 ,,,,,,,,,,,,
2002,Wyoming," 498,830.00 ", 15.00 ," 33,585.00 "," 6,733 ", 3.01 , -   , 14.63 ,,,,,,,,,,,,
2002,North Dakota," 633,911.00 ", 5.00 ," 31,339.00 "," 4,944 ", 0.79 , -   , 8.36 ,,,,,,,,,,,,
2002,Vermont," 616,408.00 ", 13.00 ," 20,483.00 "," 3,323 ", 2.11 , -   , 7.30 ,,,,,,,,,,,,
2002,Delaware," 805,945.00 ", 26.00 ," 16,388.00 "," 2,033 ", 3.23 , 3.23 , 6.82 ,,,,,,,,,,,,
2002,Rhode Island," 1,068,326.00 ", 41.00 ," 9,521.00 ", 891 , 3.84 , 1.87 , 4.68 ,,,,,,,,,,,,
2002,Hawaii," 1,240,663.00 ", 24.00 ," 7,807.00 ", 629 , 1.93 , 1.05 , 2.66 ,,,,,,,,,,,,
2003,Texas," 22,103,374.00 "," 1,422.00 "," 688,275.00 "," 3,114 ", 6.43 , 4.41 , 10.99 ,,,,,,,,,,,,
2003,California," 35,462,712.00 "," 2,407.00 "," 524,431.00 "," 1,479 ", 6.79 , 5.02 , 9.77 ,,,,,,,,,,,,
2003,Illinois," 12,649,087.00 ", 895.00 ," 515,917.00 "," 4,079 ", 7.08 , 5.50 , 8.95 ,,,,,,,,,,,,
2003,Pennsylvania," 12,370,761.00 ", 647.00 ," 515,896.00 "," 4,170 ", 5.23 , 3.76 , 9.82 ,,,,,,,,,,,,
2003,Michigan," 10,082,364.00 ", 612.00 ," 342,161.00 "," 3,394 ", 6.07 , 4.66 , 9.96 ,,,,,,,,,,,,
2003,Ohio," 11,437,680.00 ", 526.00 ," 298,632.00 "," 2,611 ", 4.60 , 2.81 , 8.08 ,,,,,,,,,,,,
2003,Florida," 16,999,181.00 ", 924.00 ," 298,181.00 "," 1,754 ", 5.44 , 3.88 , 11.31 ,,,,,,,,,,,,
2003,Georgia," 8,676,460.00 ", 657.00 ," 282,218.00 "," 3,253 ", 7.57 , 5.68 , 13.38 ,,,,,,,,,,,,
2003,North Carolina," 8,421,190.00 ", 506.00 ," 264,488.00 "," 3,141 ", 6.01 , 4.68 , 12.35 ,,,,,,,,,,,,
2003,Minnesota," 5,064,172.00 ", 127.00 ," 229,728.00 "," 4,536 ", 2.51 , 1.44 , 6.26 ,,,,,,,,,,,,
2003,Kentucky," 4,118,189.00 ", 181.00 ," 226,869.00 "," 5,509 ", 4.40 , 2.62 , 13.11 ,,,,,,,,,,,,
2003,Alabama," 4,503,726.00 ", 299.00 ," 225,479.00 "," 5,006 ", 6.64 , 7.15 , 16.76 ,,,,,,,,,,,,
2003,Tennessee," 5,845,208.00 ", 396.00 ," 219,783.00 "," 3,760 ", 6.77 , 5.00 , 13.99 ,,,,,,,,,,,,
2003,Washington," 6,131,298.00 ", 182.00 ," 213,916.00 "," 3,489 ", 2.97 , 1.81 , 8.92 ,,,,,,,,,,,,
2003,Missouri," 5,719,204.00 ", 289.00 ," 202,865.00 "," 3,547 ", 5.05 , 3.83 , 11.02 ,,,,,,,,,,,,
2003,Virginia," 7,365,284.00 ", 416.00 ," 200,270.00 "," 2,719 ", 5.65 , 4.56 , 10.70 ,,,,,,,,,,,,
2003,Wisconsin," 5,474,290.00 ", 183.00 ," 188,594.00 "," 3,445 ", 3.34 , 2.56 , 8.22 ,,,,,,,,,,,,
2003,Indiana," 6,199,571.00 ", 338.00 ," 183,853.00 "," 2,966 ", 5.45 , 3.77 , 10.73 ,,,,,,,,,,,,
2003,Colorado," 4,547,633.00 ", 185.00 ," 181,257.00 "," 3,986 ", 4.07 , 2.35 , 10.55 ,,,,,,,,,,,,
2003,Louisiana," 4,493,665.00 ", 584.00 ," 175,693.00 "," 3,910 ", 13.00 , 10.46 , 18.54 ,,,,,,,,,,,,
2003,Oklahoma," 3,506,469.00 ", 206.00 ," 167,551.00 "," 4,778 ", 5.87 , 3.71 , 12.06 ,,,,,,,,,,,,
2003,Mississippi," 2,882,594.00 ", 267.00 ," 150,877.00 "," 5,234 ", 9.26 , 6.97 , 15.99 ,,,,,,,,,,,,
2003,New York," 19,212,425.00 ", 934.00 ," 150,831.00 ", 785 , 4.86 , 3.05 , 5.29 ,,,,,,,,,,,,
2003,Arkansas," 2,727,774.00 ", 180.00 ," 150,249.00 "," 5,508 ", 6.60 , 4.51 , 14.52 ,,,,,,,,,,,,
2003,Arizona," 5,579,222.00 ", 441.00 ," 145,719.00 "," 2,612 ", 7.90 , 5.79 , 14.95 ,,,,,,,,,,,,
2003,Oregon," 3,564,330.00 ", 68.00 ," 142,960.00 "," 4,011 ", 1.91 , 1.26 , 10.55 ,,,,,,,,,,,,
2003,West Virginia," 1,811,440.00 ", 73.00 ," 131,777.00 "," 7,275 ", 4.03 , 3.15 , 13.69 ,,,,,,,,,,,,
2003,Massachusetts," 6,420,357.00 ", 140.00 ," 131,395.00 "," 2,047 ", 2.18 , 1.20 , 3.10 ,,,,,,,,,,,,
2003,South Carolina," 4,148,744.00 ", 303.00 ," 121,352.00 "," 2,925 ", 7.30 , 5.54 , 13.93 ,,,,,,,,,,,,
2003,Connecticut," 3,486,960.00 ", 112.00 ," 100,567.00 "," 2,884 ", 3.21 , 1.55 , 4.04 ,,,,,,,,,,,,
2003,Kansas," 2,724,786.00 ", 125.00 ," 97,365.00 "," 3,573 ", 4.59 , 2.53 , 10.28 ,,,,,,,,,,,,
2003,Iowa," 2,941,976.00 ", 50.00 ," 95,127.00 "," 3,233 ", 1.70 , 0.34 , 6.39 ,,,,,,,,,,,,
2003,Montana," 918,157.00 ", 30.00 ," 80,786.00 "," 8,799 ", 3.27 , 1.52 , 14.59 ,,,,,,,,,,,,
2003,New Mexico," 1,878,562.00 ", 116.00 ," 79,140.00 "," 4,213 ", 6.17 , 4.63 , 16.56 ,,,,,,,,,,,,
2003,Maryland," 5,512,310.00 ", 525.00 ," 78,270.00 "," 1,420 ", 9.52 , 7.09 , 11.37 ,,,,,,,,,,,,
2003,Idaho," 1,367,034.00 ", 26.00 ," 74,669.00 "," 5,462 ", 1.90 , 0.88 , 10.90 ,,,,,,,,,,,,
2003,Utah," 2,352,119.00 ", 60.00 ," 70,507.00 "," 2,998 ", 2.55 , 1.23 , 8.93 ,,,,,,,,,,,,
2003,New Hampshire," 1,288,705.00 ", 17.00 ," 54,724.00 "," 4,246 ", 1.32 , -   , 5.82 ,,,,,,,,,,,,
2003,Maine," 1,309,205.00 ", 16.00 ," 50,897.00 "," 3,888 ", 1.22 , -   , 5.04 ,,,,,,,,,,,,
2003,Nevada," 2,242,207.00 ", 197.00 ," 49,432.00 "," 2,205 ", 8.79 , 4.91 , 15.92 ,,,,,,,,,,,,
2003,South Dakota," 764,905.00 ", 10.00 ," 47,683.00 "," 6,234 ", 1.31 , -   , 7.45 ,,,,,,,,,,,,
2003,Nebraska," 1,737,475.00 ", 56.00 ," 44,758.00 "," 2,576 ", 3.22 , 1.61 , 6.73 ,,,,,,,,,,,,
2003,New Jersey," 8,642,412.00 ", 406.00 ," 41,733.00 ", 483 , 4.70 , 2.80 , 4.92 ,,,,,,,,,,,,
2003,Alaska," 648,280.00 ", 39.00 ," 37,059.00 "," 5,717 ", 6.02 , 4.63 , 16.35 ,,,,,,,,,,,,
2003,North Dakota," 633,400.00 ", 9.00 ," 33,393.00 "," 5,272 ", 1.42 , 1.74 , 8.21 ,,,,,,,,,,,,
2003,Wyoming," 502,111.00 ", 14.00 ," 33,184.00 "," 6,609 ", 2.79 , -   , 14.94 ,,,,,,,,,,,,
2003,Vermont," 619,343.00 ", 15.00 ," 19,971.00 "," 3,225 ", 2.42 , -   , 5.17 ,,,,,,,,,,,,
2003,Delaware," 818,166.00 ", 21.00 ," 16,361.00 "," 2,000 ", 2.57 , 2.08 , 7.21 ,,,,,,,,,,,,
2003,Rhode Island," 1,076,084.00 ", 25.00 ," 9,660.00 ", 898 , 2.32 , 1.95 , 2.97 ,,,,,,,,,,,,
2003,Hawaii," 1,248,755.00 ", 22.00 ," 7,439.00 ", 596 , 1.76 , -   , 1.76 ,,,,,,,,,,,,
2004,Texas," 22,471,549.00 "," 1,364.00 "," 672,995.00 "," 2,995 ", 6.07 , 4.11 , 10.40 ,,,,,,,,,,,,
2004,Illinois," 12,712,016.00 ", 780.00 ," 590,417.00 "," 4,645 ", 6.14 , 4.51 , 7.65 ,,,,,,,,,,,,
2004,California," 35,842,038.00 "," 2,392.00 "," 548,843.00 "," 1,531 ", 6.67 , 5.04 , 9.23 ,,,,,,,,,,,,
2004,Pennsylvania," 12,394,471.00 ", 650.00 ," 504,813.00 "," 4,073 ", 5.24 , 4.07 , 10.06 ,,,,,,,,,,,,
2004,Michigan," 10,104,206.00 ", 643.00 ," 342,418.00 "," 3,389 ", 6.36 , 4.76 , 10.14 ,,,,,,,,,,,,
2004,Ohio," 11,450,143.00 ", 506.00 ," 327,040.00 "," 2,856 ", 4.42 , 2.97 , 8.81 ,,,,,,,,,,,,
2004,Florida," 17,385,430.00 ", 946.00 ," 318,024.00 "," 1,829 ", 5.44 , 3.72 , 10.81 ,,,,,,,,,,,,
2004,North Carolina," 8,540,468.00 ", 532.00 ," 276,480.00 "," 3,237 ", 6.23 , 4.78 , 12.08 ,,,,,,,,,,,,
2004,Kentucky," 4,141,835.00 ", 236.00 ," 234,974.00 "," 5,673 ", 5.70 , 3.67 , 13.06 ,,,,,,,,,,,,
2004,Georgia," 8,918,129.00 ", 613.00 ," 232,203.00 "," 2,604 ", 6.87 , 4.70 , 11.70 ,,,,,,,,,,,,
2004,Alabama," 4,525,375.00 ", 254.00 ," 229,997.00 "," 5,082 ", 5.61 , 5.79 , 14.67 ,,,,,,,,,,,,
2004,Tennessee," 5,893,298.00 ", 357.00 ," 229,401.00 "," 3,893 ", 6.06 , 4.85 , 14.64 ,,,,,,,,,,,,
2004,Minnesota," 5,096,546.00 ", 113.00 ," 227,846.00 "," 4,471 ", 2.22 , 1.55 , 6.81 ,,,,,,,,,,,,
2004,Virginia," 7,481,332.00 ", 390.00 ," 213,062.00 "," 2,848 ", 5.21 , 3.94 , 10.55 ,,,,,,,,,,,,
2004,Missouri," 5,759,532.00 ", 354.00 ," 209,316.00 "," 3,634 ", 6.15 , 4.46 , 11.22 ,,,,,,,,,,,,
2004,Washington," 6,207,046.00 ", 190.00 ," 203,432.00 "," 3,277 ", 3.06 , 1.97 , 8.78 ,,,,,,,,,,,,
2004,Colorado," 4,601,821.00 ", 201.00 ," 194,191.00 "," 4,220 ", 4.37 , 2.65 , 11.63 ,,,,,,,,,,,,
2004,Wisconsin," 5,503,533.00 ", 154.00 ," 187,097.00 "," 3,400 ", 2.80 , 1.69 , 7.29 ,,,,,,,,,,,,
2004,Indiana," 6,226,537.00 ", 316.00 ," 176,520.00 "," 2,835 ", 5.08 , 3.47 , 9.83 ,,,,,,,,,,,,
2004,Oklahoma," 3,523,546.00 ", 186.00 ," 173,188.00 "," 4,915 ", 5.28 , 3.52 , 12.37 ,,,,,,,,,,,,
2004,Louisiana," 4,506,685.00 ", 574.00 ," 172,421.00 "," 3,826 ", 12.74 , 10.50 , 19.57 ,,,,,,,,,,,,
2004,New York," 19,280,727.00 ", 889.00 ," 160,222.00 ", 831 , 4.61 , 2.66 , 4.82 ,,,,,,,,,,,,
2004,Arkansas," 2,750,000.00 ", 176.00 ," 158,366.00 "," 5,759 ", 6.40 , 4.80 , 13.71 ,,,,,,,,,,,,
2004,Arizona," 5,739,879.00 ", 414.00 ," 155,719.00 "," 2,713 ", 7.21 , 5.89 , 15.47 ,,,,,,,,,,,,
2004,Mississippi," 2,900,768.00 ", 227.00 ," 152,294.00 "," 5,250 ", 7.83 , 6.96 , 15.41 ,,,,,,,,,,,,
2004,Oregon," 3,591,363.00 ", 90.00 ," 149,688.00 "," 4,168 ", 2.51 , 1.67 , 10.00 ,,,,,,,,,,,,
2004,West Virginia," 1,812,548.00 ", 68.00 ," 132,846.00 "," 7,329 ", 3.75 , 2.26 , 12.85 ,,,,,,,,,,,,
2004,South Carolina," 4,197,892.00 ", 286.00 ," 124,153.00 "," 2,958 ", 6.81 , 5.15 , 13.27 ,,,,,,,,,,,,
2004,Massachusetts," 6,407,382.00 ", 171.00 ," 112,996.00 "," 1,764 ", 2.67 , 1.62 , 3.07 ,,,,,,,,,,,,
2004,Connecticut," 3,498,966.00 ", 100.00 ," 100,916.00 "," 2,884 ", 2.86 , 1.77 , 4.77 ,,,,,,,,,,,,
2004,Kansas," 2,733,697.00 ", 122.00 ," 99,007.00 "," 3,622 ", 4.46 , 2.63 , 10.10 ,,,,,,,,,,,,
2004,Iowa," 2,952,904.00 ", 44.00 ," 98,517.00 "," 3,336 ", 1.49 , 0.54 , 5.79 ,,,,,,,,,,,,
2004,Montana," 926,920.00 ", 30.00 ," 83,545.00 "," 9,013 ", 3.24 , 1.08 , 12.41 ,,,,,,,,,,,,
2004,New Mexico," 1,903,006.00 ", 169.00 ," 81,546.00 "," 4,285 ", 8.88 , 3.84 , 14.14 ,,,,,,,,,,,,
2004,Utah," 2,420,708.00 ", 46.00 ," 79,967.00 "," 3,303 ", 1.90 , 0.91 , 8.47 ,,,,,,,,,,,,
2004,Maryland," 5,561,332.00 ", 521.00 ," 77,481.00 "," 1,393 ", 9.37 , 6.92 , 11.31 ,,,,,,,,,,,,
2004,Idaho," 1,395,140.00 ", 31.00 ," 75,553.00 "," 5,415 ", 2.22 , 0.93 , 11.76 ,,,,,,,,,,,,
2004,New Hampshire," 1,299,169.00 ", 17.00 ," 56,791.00 "," 4,371 ", 1.31 , -   , 4.39 ,,,,,,,,,,,,
2004,Nevada," 2,332,898.00 ", 172.00 ," 54,754.00 "," 2,347 ", 7.37 , 4.80 , 15.90 ,,,,,,,,,,,,
2004,Maine," 1,314,985.00 ", 18.00 ," 52,665.00 "," 4,005 ", 1.37 , -   , 7.38 ,,,,,,,,,,,,
2004,South Dakota," 770,621.00 ", 17.00 ," 50,323.00 "," 6,530 ", 2.21 , -   , 7.66 ,,,,,,,,,,,,
2004,Nebraska," 1,747,704.00 ", 40.00 ," 48,436.00 "," 2,771 ", 2.29 , 1.32 , 6.01 ,,,,,,,,,,,,
2004,Alaska," 657,755.00 ", 37.00 ," 40,504.00 "," 6,158 ", 5.63 , 2.74 , 16.27 ,,,,,,,,,,,,
2004,New Jersey," 8,685,166.00 ", 392.00 ," 37,376.00 ", 430 , 4.51 , 2.80 , 4.93 ,,,,,,,,,,,,
2004,Wyoming," 505,887.00 ", 11.00 ," 35,427.00 "," 7,003 ", 2.17 , -   , 8.30 ,,,,,,,,,,,,
2004,North Dakota," 636,308.00 ", 8.00 ," 34,690.00 "," 5,452 ", 1.26 , -   , 6.44 ,,,,,,,,,,,,
2004,Vermont," 621,233.00 ", 16.00 ," 19,490.00 "," 3,137 ", 2.58 , -   , 8.69 ,,,,,,,,,,,,
2004,Delaware," 830,069.00 ", 28.00 ," 16,424.00 "," 1,979 ", 3.37 , 3.25 , 7.59 ,,,,,,,,,,,,
2004,Rhode Island," 1,079,916.00 ", 26.00 ," 10,054.00 ", 931 , 2.41 , 1.57 , 3.24 ,,,,,,,,,,,,
2004,Hawaii," 1,262,124.00 ", 33.00 ," 7,298.00 ", 578 , 2.61 , -   , 2.06 ,,,,,,,,,,,,
2005,Texas," 22,928,508.00 "," 1,407.00 "," 738,793.00 "," 3,222 ", 6.14 , 4.40 , 10.82 ,,,,,,,,,,,,
2005,California," 36,154,147.00 "," 2,503.00 "," 611,022.00 "," 1,690 ", 6.92 , 5.19 , 9.51 ,,,,,,,,,,,,
2005,Illinois," 12,765,427.00 ", 770.00 ," 527,134.00 "," 4,129 ", 6.03 , 4.39 , 7.85 ,,,,,,,,,,,,
2005,Pennsylvania," 12,405,348.00 ", 756.00 ," 482,977.00 "," 3,893 ", 6.09 , 4.27 , 10.71 ,,,,,,,,,,,,
2005,Florida," 17,768,191.00 ", 883.00 ," 370,645.00 "," 2,086 ", 4.97 , 3.55 , 10.26 ,,,,,,,,,,,,
2005,Michigan," 10,100,833.00 ", 629.00 ," 337,035.00 "," 3,337 ", 6.23 , 4.78 , 10.46 ,,,,,,,,,,,,
2005,Ohio," 11,470,685.00 ", 590.00 ," 313,159.00 "," 2,730 ", 5.14 , 3.56 , 9.63 ,,,,,,,,,,,,
2005,North Carolina," 8,672,459.00 ", 585.00 ," 271,527.00 "," 3,131 ", 6.75 , 5.10 , 12.64 ,,,,,,,,,,,,
2005,Georgia," 9,132,553.00 ", 564.00 ," 257,815.00 "," 2,823 ", 6.18 , 4.81 , 11.53 ,,,,,,,,,,,,
2005,Tennessee," 5,955,745.00 ", 431.00 ," 253,450.00 "," 4,256 ", 7.24 , 6.23 , 16.22 ,,,,,,,,,,,,
2005,Alabama," 4,548,327.00 ", 374.00 ," 235,873.00 "," 5,186 ", 8.22 , 7.01 , 15.87 ,,,,,,,,,,,,
2005,Kentucky," 4,172,608.00 ", 190.00 ," 232,589.00 "," 5,574 ", 4.55 , 3.64 , 12.87 ,,,,,,,,,,,,
2005,Minnesota," 5,126,739.00 ", 115.00 ," 224,165.00 "," 4,372 ", 2.24 , 1.52 , 6.50 ,,,,,,,,,,,,
2005,Virginia," 7,564,327.00 ", 458.00 ," 221,725.00 "," 2,931 ", 6.05 , 4.67 , 11.42 ,,,,,,,,,,,,
2005,Washington," 6,291,899.00 ", 205.00 ," 219,559.00 "," 3,490 ", 3.26 , 2.24 , 8.76 ,,,,,,,,,,,,
2005,Missouri," 5,797,703.00 ", 402.00 ," 214,241.00 "," 3,695 ", 6.93 , 5.05 , 12.61 ,,,,,,,,,,,,
2005,Louisiana," 4,507,331.00 ", 450.00 ," 207,954.00 "," 4,614 ", 9.98 , 10.03 , 18.30 ,,,,,,,,,,,,
2005,Colorado," 4,663,295.00 ", 173.00 ," 206,287.00 "," 4,424 ", 3.71 , 2.47 , 11.17 ,,,,,,,,,,,,
2005,Wisconsin," 5,527,644.00 ", 206.00 ," 183,013.00 "," 3,311 ", 3.73 , 2.88 , 8.34 ,,,,,,,,,,,,
2005,Oklahoma," 3,543,442.00 ", 187.00 ," 182,031.00 "," 5,137 ", 5.28 , 3.84 , 12.64 ,,,,,,,,,,,,
2005,Arizona," 5,953,007.00 ", 445.00 ," 176,649.00 "," 2,967 ", 7.48 , 6.32 , 15.49 ,,,,,,,,,,,,
2005,Indiana," 6,266,019.00 ", 356.00 ," 172,249.00 "," 2,749 ", 5.68 , 4.10 , 10.90 ,,,,,,,,,,,,
2005,Mississippi," 2,908,496.00 ", 214.00 ," 167,713.00 "," 5,766 ", 7.36 , 6.02 , 14.99 ,,,,,,,,,,,,
2005,Arkansas," 2,775,708.00 ", 189.00 ," 164,001.00 "," 5,908 ", 6.81 , 5.30 , 14.73 ,,,,,,,,,,,,
2005,New York," 19,315,721.00 ", 874.00 ," 158,781.00 ", 822 , 4.52 , 2.63 , 5.15 ,,,,,,,,,,,,
2005,Oregon," 3,638,871.00 ", 80.00 ," 158,045.00 "," 4,343 ", 2.20 , 1.26 , 10.47 ,,,,,,,,,,,,
2005,South Carolina," 4,246,933.00 ", 314.00 ," 141,811.00 "," 3,339 ", 7.39 , 5.32 , 13.42 ,,,,,,,,,,,,
2005,West Virginia," 1,814,083.00 ", 82.00 ," 133,667.00 "," 7,368 ", 4.52 , 2.98 , 13.34 ,,,,,,,,,,,,
2005,Massachusetts," 6,433,367.00 ", 178.00 ," 105,347.00 "," 1,638 ", 2.77 , 1.66 , 3.36 ,,,,,,,,,,,,
2005,Iowa," 2,965,524.00 ", 40.00 ," 100,344.00 "," 3,384 ", 1.35 , 0.37 , 6.10 ,,,,,,,,,,,,
2005,Kansas," 2,748,172.00 ", 101.00 ," 98,311.00 "," 3,577 ", 3.68 , 2.07 , 8.92 ,,,,,,,,,,,,
2005,Connecticut," 3,500,701.00 ", 105.00 ," 97,599.00 "," 2,788 ", 3.00 , 1.80 , 5.00 ,,,,,,,,,,,,
2005,Utah," 2,490,334.00 ", 56.00 ," 88,981.00 "," 3,573 ", 2.25 , 0.92 , 8.55 ,,,,,,,,,,,,
2005,Montana," 934,737.00 ", 18.00 ," 84,060.00 "," 8,993 ", 1.93 , -   , 14.44 ,,,,,,,,,,,,
2005,New Mexico," 1,925,985.00 ", 144.00 ," 82,051.00 "," 4,260 ", 7.48 , 3.53 , 12.77 ,,,,,,,,,,,,
2005,Maryland," 5,589,599.00 ", 552.00 ," 80,947.00 "," 1,448 ", 9.88 , 7.51 , 11.58 ,,,,,,,,,,,,
2005,Idaho," 1,429,367.00 ", 35.00 ," 80,343.00 "," 5,621 ", 2.45 , 1.61 , 12.80 ,,,,,,,,,,,,
2005,Nevada," 2,412,301.00 ", 206.00 ," 62,727.00 "," 2,600 ", 8.54 , 4.52 , 15.38 ,,,,,,,,,,,,
2005,New Hampshire," 1,306,819.00 ", 19.00 ," 55,761.00 "," 4,267 ", 1.45 , -   , 6.05 ,,,,,,,,,,,,
2005,South Dakota," 774,883.00 ", 18.00 ," 50,768.00 "," 6,552 ", 2.32 , -   , 8.65 ,,,,,,,,,,,,
2005,Maine," 1,318,220.00 ", 19.00 ," 50,319.00 "," 3,817 ", 1.44 , -   , 7.59 ,,,,,,,,,,,,
2005,Nebraska," 1,758,163.00 ", 44.00 ," 48,172.00 "," 2,740 ", 2.50 , 1.54 , 7.11 ,,,,,,,,,,,,
2005,Alaska," 663,253.00 ", 32.00 ," 44,514.00 "," 6,711 ", 4.82 , 3.47 , 15.68 ,,,,,,,,,,,,
2005,Wyoming," 508,798.00 ", 14.00 ," 37,911.00 "," 7,451 ", 2.75 , -   , 9.43 ,,,,,,,,,,,,
2005,New Jersey," 8,703,150.00 ", 417.00 ," 36,582.00 ", 420 , 4.79 , 3.14 , 4.70 ,,,,,,,,,,,,
2005,North Dakota," 634,605.00 ", 12.00 ," 36,000.00 "," 5,673 ", 1.89 , -   , 8.82 ,,,,,,,,,,,,
2005,Vermont," 622,387.00 ", 8.00 ," 18,607.00 "," 2,990 ", 1.29 , -   , 3.21 ,,,,,,,,,,,,
2005,Delaware," 841,741.00 ", 37.00 ," 17,121.00 "," 2,034 ", 4.40 , 3.92 , 8.91 ,,,,,,,,,,,,
2005,Rhode Island," 1,073,579.00 ", 34.00 ," 9,649.00 ", 899 , 3.17 , 1.77 , 3.17 ,,,,,,,,,,,,
2005,Hawaii," 1,273,278.00 ", 24.00 ," 7,575.00 ", 595 , 1.88 , -   , 1.65 ,,,,,,,,,,,,
2006,Texas," 23,507,783.00 "," 1,386.00 "," 770,236.00 "," 3,277 ", 5.90 , 4.39 , 10.23 ,,,,,,,,,,,,
2006,California," 36,457,549.00 "," 2,490.00 "," 617,820.00 "," 1,695 ", 6.83 , 5.16 , 9.20 ,,,,,,,,,,,,
2006,Illinois," 12,831,970.00 ", 780.00 ," 527,698.00 "," 4,112 ", 6.08 , 4.82 , 7.86 ,,,,,,,,,,,,
2006,Pennsylvania," 12,440,621.00 ", 749.00 ," 520,454.00 "," 4,184 ", 6.02 , 4.73 , 10.92 ,,,,,,,,,,,,
2006,Florida," 18,089,888.00 "," 1,129.00 "," 411,728.00 "," 2,276 ", 6.24 , 4.44 , 11.42 ,,,,,,,,,,,,
2006,Michigan," 10,095,643.00 ", 723.00 ," 332,428.00 "," 3,293 ", 7.16 , 5.24 , 11.16 ,,,,,,,,,,,,
2006,Ohio," 11,478,006.00 ", 539.00 ," 325,132.00 "," 2,833 ", 4.70 , 3.93 , 9.57 ,,,,,,,,,,,,
2006,Georgia," 9,363,941.00 ", 614.00 ," 311,901.00 "," 3,331 ", 6.56 , 5.29 , 12.11 ,,,,,,,,,,,,
2006,North Carolina," 8,856,505.00 ", 540.00 ," 290,024.00 "," 3,275 ", 6.10 , 4.93 , 12.57 ,,,,,,,,,,,,
2006,Tennessee," 6,038,803.00 ", 420.00 ," 258,500.00 "," 4,281 ", 6.96 , 5.40 , 15.20 ,,,,,,,,,,,,
2006,Washington," 6,395,798.00 ", 197.00 ," 255,387.00 "," 3,993 ", 3.08 , 1.81 , 8.02 ,,,,,,,,,,,,
2006,Kentucky," 4,206,074.00 ", 177.00 ," 247,856.15 "," 5,893 ", 4.21 , 2.40 , 11.94 ,,,,,,,,,,,,
2006,Minnesota," 5,167,101.00 ", 127.00 ," 244,712.00 "," 4,736 ", 2.46 , 1.30 , 6.00 ,,,,,,,,,,,,
2006,Alabama," 4,599,030.00 ", 368.00 ," 243,176.00 "," 5,288 ", 8.00 , 7.24 , 16.70 ,,,,,,,,,,,,
2006,Virginia," 7,642,884.00 ", 403.00 ," 238,862.00 "," 3,125 ", 5.27 , 3.72 , 10.43 ,,,,,,,,,,,,
2006,Missouri," 5,842,713.00 ", 370.00 ," 230,374.00 "," 3,943 ", 6.33 , 5.05 , 12.85 ,,,,,,,,,,,,
2006,Colorado," 4,753,377.00 ", 171.00 ," 214,749.00 "," 4,518 ", 3.60 , 2.19 , 9.99 ,,,,,,,,,,,,
2006,Louisiana," 4,287,768.00 ", 562.00 ," 212,176.00 "," 4,948 ", 13.11 , 9.94 , 18.40 ,,,,,,,,,,,,
2006,Arizona," 6,166,318.00 ", 526.00 ," 204,178.00 "," 3,311 ", 8.53 , 6.24 , 15.57 ,,,,,,,,,,,,
2006,New York," 19,306,183.00 ", 924.00 ," 199,015.00 "," 1,031 ", 4.79 , 2.93 , 5.12 ,,,,,,,,,,,,
2006,Oklahoma," 3,579,212.00 ", 208.00 ," 190,741.00 "," 5,329 ", 5.81 , 4.25 , 13.02 ,,,,,,,,,,,,
2006,Wisconsin," 5,556,506.00 ", 165.00 ," 189,228.00 "," 3,406 ", 2.97 , 1.85 , 7.23 ,,,,,,,,,,,,
2006,Indiana," 6,313,520.00 ", 362.00 ," 185,655.00 "," 2,941 ", 5.73 , 4.07 , 11.29 ,,,,,,,,,,,,
2006,Mississippi," 2,910,540.00 ", 232.00 ," 179,087.00 "," 6,153 ", 7.97 , 7.63 , 15.50 ,,,,,,,,,,,,
2006,Arkansas," 2,810,872.00 ", 211.00 ," 170,129.00 "," 6,053 ", 7.51 , 5.23 , 14.37 ,,,,,,,,,,,,
2006,Oregon," 3,700,758.00 ", 88.00 ," 163,705.00 "," 4,424 ", 2.38 , 1.70 , 10.32 ,,,,,,,,,,,,
2006,South Carolina," 4,321,249.00 ", 363.00 ," 148,604.00 "," 3,439 ", 8.40 , 6.23 , 13.75 ,,,,,,,,,,,,
2006,West Virginia," 1,818,470.00 ", 82.00 ," 137,925.00 "," 7,585 ", 4.51 , 2.53 , 13.03 ,,,,,,,,,,,,
2006,Massachusetts," 6,437,193.00 ", 188.00 ," 137,148.00 "," 2,131 ", 2.92 , 1.57 , 3.12 ,,,,,,,,,,,,
2006,Kansas," 2,764,075.00 ", 127.00 ," 109,143.00 "," 3,949 ", 4.59 , 2.21 , 9.84 ,,,,,,,,,,,,
2006,Utah," 2,550,063.00 ", 52.00 ," 106,653.00 "," 4,182 ", 2.04 , 0.90 , 8.31 ,,,,,,,,,,,,
2006,Iowa," 2,982,085.00 ", 57.00 ," 101,430.00 "," 3,401 ", 1.91 , 1.04 , 6.04 ,,,,,,,,,,,,
2006,Connecticut," 3,504,809.00 ", 137.00 ," 97,616.00 "," 2,785 ", 3.91 , 2.54 , 4.79 ,,,,,,,,,,,,
2006,Idaho," 1,466,465.00 ", 32.00 ," 91,018.00 "," 6,207 ", 2.18 , 1.23 , 11.12 ,,,,,,,,,,,,
2006,New Mexico," 1,954,599.00 ", 138.00 ," 90,321.00 "," 4,621 ", 7.06 , 3.73 , 13.61 ,,,,,,,,,,,,
2006,Montana," 944,632.00 ", 34.00 ," 87,770.00 "," 9,291 ", 3.60 , -   , 10.80 ,,,,,,,,,,,,
2006,Maryland," 5,615,727.00 ", 546.00 ," 82,207.00 "," 1,464 ", 9.72 , 7.37 , 11.93 ,,,,,,,,,,,,
2006,Nevada," 2,495,529.00 ", 226.00 ," 72,963.00 "," 2,924 ", 9.06 , 5.05 , 15.75 ,,,,,,,,,,,,
2006,New Hampshire," 1,314,895.00 ", 13.00 ," 63,159.00 "," 4,803 ", 0.99 , 0.76 , 6.01 ,,,,,,,,,,,,
2006,Maine," 1,321,574.00 ", 23.00 ," 53,106.00 "," 4,018 ", 1.74 , -   , 6.58 ,,,,,,,,,,,,
2006,South Dakota," 781,919.00 ", 29.00 ," 52,675.00 "," 6,737 ", 3.71 , -   , 8.82 ,,,,,,,,,,,,
2006,Nebraska," 1,768,331.00 ", 53.00 ," 51,221.00 "," 2,897 ", 3.00 , 1.75 , 7.35 ,,,,,,,,,,,,
2006,Alaska," 670,053.00 ", 36.00 ," 47,037.00 "," 7,020 ", 5.37 , 3.73 , 13.88 ,,,,,,,,,,,,
2006,Wyoming," 515,004.00 ", 13.00 ," 42,376.00 "," 8,228 ", 2.52 , -   , 12.82 ,,,,,,,,,,,,
2006,North Dakota," 635,867.00 ", 8.00 ," 39,436.00 "," 6,202 ", 1.26 , -   , 6.45 ,,,,,,,,,,,,
2006,New Jersey," 8,724,560.00 ", 427.00 ," 37,318.00 ", 428 , 4.89 , 3.45 , 5.57 ,,,,,,,,,,,,
2006,Vermont," 623,908.00 ", 14.00 ," 20,713.00 "," 3,320 ", 2.24 , -   , 6.41 ,,,,,,,,,,,,
2006,Delaware," 853,476.00 ", 42.00 ," 16,698.00 "," 1,956 ", 4.92 , 3.63 , 8.55 ,,,,,,,,,,,,
2006,Rhode Island," 1,067,610.00 ", 27.00 ," 9,936.00 ", 931 , 2.53 , 1.69 , 3.18 ,,,,,,,,,,,,
2006,Hawaii," 1,285,498.00 ", 21.00 ," 7,588.00 ", 590 , 1.63 , -   , 1.24 ,,,,,,,,,,,,
2007,California," 36,553,215.00 "," 2,260.00 "," 855,943.00 "," 2,342 ", 6.18 , 4.65 , 8.90 ,,,,,,,,,,,,
2007,Texas," 23,904,380.00 "," 1,420.00 "," 783,596.00 "," 3,278 ", 5.94 , 4.30 , 10.67 ,,,,,,,,,,,,
2007,Pennsylvania," 12,432,792.00 ", 735.00 ," 562,603.00 "," 4,525 ", 5.91 , 4.46 , 10.61 ,,,,,,,,,,,,
2007,Illinois," 12,852,548.00 ", 752.00 ," 536,975.00 "," 4,178 ", 5.85 , 4.41 , 7.83 ,,,,,,,,,,,,
2007,Florida," 18,251,243.00 "," 1,202.00 "," 426,180.00 "," 2,335 ", 6.59 , 5.12 , 12.42 ,,,,,,,,,,,,
2007,Ohio," 11,466,917.00 ", 529.00 ," 326,114.00 "," 2,844 ", 4.61 , 3.52 , 9.44 ,,,,,,,,,,,,
2007,Michigan," 10,071,822.00 ", 663.00 ," 311,851.00 "," 3,096 ", 6.58 , 4.95 , 10.60 ,,,,,,,,,,,,
2007,North Carolina," 9,061,032.00 ", 586.00 ," 289,215.00 "," 3,192 ", 6.47 , 5.04 , 12.10 ,,,,,,,,,,,,
2007,Washington," 6,468,424.00 ", 174.00 ," 276,156.00 "," 4,269 ", 2.69 , 1.92 , 8.30 ,,,,,,,,,,,,
2007,Missouri," 5,878,415.00 ", 367.00 ," 274,085.00 "," 4,663 ", 6.24 , 4.51 , 12.40 ,,,,,,,,,,,,
2007,Georgia," 9,544,750.00 ", 731.00 ," 270,468.00 "," 2,834 ", 7.66 , 5.84 , 12.95 ,,,,,,,,,,,,
2007,Kentucky," 4,241,474.00 ", 218.00 ," 257,914.56 "," 6,081 ", 5.14 , 3.49 , 14.00 ,,,,,,,,,,,,
2007,Minnesota," 5,197,621.00 ", 116.00 ," 248,086.00 "," 4,773 ", 2.23 , 1.21 , 6.31 ,,,,,,,,,,,,
2007,Alabama," 4,627,851.00 ", 392.00 ," 245,355.00 "," 5,302 ", 8.47 , 8.17 , 17.46 ,,,,,,,,,,,,
2007,Tennessee," 6,156,719.00 ", 405.00 ," 241,741.00 "," 3,926 ", 6.58 , 5.44 , 14.81 ,,,,,,,,,,,,
2007,Virginia," 7,712,091.00 ", 415.00 ," 241,538.00 "," 3,132 ", 5.38 , 3.99 , 10.48 ,,,,,,,,,,,,
2007,Colorado," 4,861,515.00 ", 155.00 ," 221,737.00 "," 4,561 ", 3.19 , 1.73 , 9.87 ,,,,,,,,,,,,
2007,New York," 19,297,729.00 ", 804.00 ," 212,174.00 "," 1,099 ", 4.17 , 2.69 , 5.00 ,,,,,,,,,,,,
2007,Louisiana," 4,293,204.00 ", 631.00 ," 208,201.00 "," 4,850 ", 14.70 , 11.23 , 19.64 ,,,,,,,,,,,,
2007,Arizona," 6,338,755.00 ", 549.00 ," 192,071.00 "," 3,030 ", 8.66 , 5.57 , 14.89 ,,,,,,,,,,,,
2007,Oklahoma," 3,617,316.00 ", 223.00 ," 189,081.00 "," 5,227 ", 6.16 , 4.17 , 12.88 ,,,,,,,,,,,,
2007,Indiana," 6,345,289.00 ", 354.00 ," 186,864.00 "," 2,945 ", 5.58 , 3.81 , 10.18 ,,,,,,,,,,,,
2007,Wisconsin," 5,601,640.00 ", 184.00 ," 180,607.00 "," 3,224 ", 3.28 , 2.36 , 8.39 ,,,,,,,,,,,,
2007,Mississippi," 2,918,785.00 ", 204.00 ," 175,298.00 "," 6,006 ", 6.99 , 7.50 , 17.54 ,,,,,,,,,,,,
2007,Arkansas," 2,834,797.00 ", 201.00 ," 169,824.00 "," 5,991 ", 7.09 , 5.36 , 14.46 ,,,,,,,,,,,,
2007,Massachusetts," 6,449,755.00 ", 188.00 ," 165,446.00 "," 2,565 ", 2.91 , 1.64 , 3.27 ,,,,,,,,,,,,
2007,Oregon," 3,747,455.00 ", 74.00 ," 162,629.00 "," 4,340 ", 1.97 , 0.93 , 9.66 ,,,,,,,,,,,,
2007,South Carolina," 4,407,709.00 ", 364.00 ," 150,133.00 "," 3,406 ", 8.26 , 5.65 , 12.71 ,,,,,,,,,,,,
2007,West Virginia," 1,812,035.00 ", 66.00 ," 132,396.00 "," 7,306 ", 3.64 , 2.26 , 13.58 ,,,,,,,,,,,,
2007,Utah," 2,645,330.00 ", 59.00 ," 127,051.00 "," 4,803 ", 2.23 , 1.21 , 9.11 ,,,,,,,,,,,,
2007,Connecticut," 3,502,309.00 ", 113.00 ," 116,112.00 "," 3,315 ", 3.23 , 1.77 , 4.00 ,,,,,,,,,,,,
2007,Kansas," 2,775,997.00 ", 109.00 ," 111,502.00 "," 4,017 ", 3.93 , 2.20 , 9.87 ,,,,,,,,,,,,
2007,Iowa," 2,988,046.00 ", 40.00 ," 98,888.00 "," 3,309 ", 1.34 , -   , 4.45 ,,,,,,,,,,,,
2007,Idaho," 1,499,402.00 ", 49.00 ," 93,897.00 "," 6,262 ", 3.27 , 1.73 , 11.54 ,,,,,,,,,,,,
2007,New Mexico," 1,969,915.00 ", 186.00 ," 93,304.00 "," 4,736 ", 9.44 , 3.50 , 13.10 ,,,,,,,,,,,,
2007,Montana," 957,861.00 ", 23.00 ," 90,355.00 "," 9,433 ", 2.40 , -   , 12.53 ,,,,,,,,,,,,
2007,Maryland," 5,618,344.00 ", 554.00 ," 80,249.00 "," 1,428 ", 9.86 , 7.53 , 11.89 ,,,,,,,,,,,,
2007,Nevada," 2,565,382.00 ", 193.00 ," 70,276.00 "," 2,739 ", 7.52 , 4.91 , 15.44 ,,,,,,,,,,,,
2007,New Hampshire," 1,315,828.00 ", 12.00 ," 65,110.00 "," 4,948 ", 0.91 , -   , 5.40 ,,,,,,,,,,,,
2007,South Dakota," 796,214.00 ", 31.00 ," 54,013.00 "," 6,784 ", 3.89 , -   , 5.40 ,,,,,,,,,,,,
2007,Nebraska," 1,774,571.00 ", 70.00 ," 52,042.00 "," 2,933 ", 3.94 , 2.37 , 7.33 ,,,,,,,,,,,,
2007,Maine," 1,317,207.00 ", 20.00 ," 51,279.00 "," 3,893 ", 1.52 , -   , 6.83 ,,,,,,,,,,,,
2007,Alaska," 683,478.00 ", 44.00 ," 49,604.00 "," 7,258 ", 6.44 , 3.22 , 15.95 ,,,,,,,,,,,,
2007,Wyoming," 522,830.00 ", 21.00 ," 42,770.00 "," 8,180 ", 4.02 , -   , 11.09 ,,,,,,,,,,,,
2007,North Dakota," 639,715.00 ", 14.00 ," 42,311.00 "," 6,614 ", 2.19 , -   , 7.66 ,,,,,,,,,,,,
2007,New Jersey," 8,685,920.00 ", 381.00 ," 36,412.00 ", 419 , 4.39 , 3.18 , 5.08 ,,,,,,,,,,,,
2007,Vermont," 621,254.00 ", 13.00 ," 19,951.00 "," 3,211 ", 2.09 , -   , 5.96 ,,,,,,,,,,,,
2007,Delaware," 864,764.00 ", 39.00 ," 15,912.00 "," 1,840 ", 4.51 , 3.35 , 8.67 ,,,,,,,,,,,,
2007,Rhode Island," 1,057,832.00 ", 19.00 ," 10,222.00 ", 966 , 1.80 , 1.23 , 2.74 ,,,,,,,,,,,,
2007,Hawaii," 1,283,388.00 ", 24.00 ," 6,521.00 ", 508 , 1.87 , -   , 2.03 ,,,,,,,,,,,,
2008,Texas," 24,304,290.00 "," 1,370.00 "," 944,568.00 "," 3,886 ", 5.64 , 4.14 , 10.64 ,,,,,,,,,,,,
2008,California," 36,580,371.00 "," 2,142.00 "," 780,398.00 "," 2,133 ", 5.86 , 4.29 , 8.61 ,,,,,,,,,,,,
2008,Illinois," 12,842,954.00 ", 790.00 ," 615,941.00 "," 4,796 ", 6.15 , 4.80 , 8.38 ,,,,,,,,,,,,
2008,Pennsylvania," 12,566,368.00 ", 707.00 ," 598,544.00 "," 4,763 ", 5.63 , 4.14 , 10.59 ,,,,,,,,,,,,
2008,Florida," 18,423,878.00 "," 1,169.00 "," 503,672.00 "," 2,734 ", 6.35 , 4.81 , 12.61 ,,,,,,,,,,,,
2008,Georgia," 9,697,838.00 ", 650.00 ," 367,374.00 "," 3,788 ", 6.70 , 5.31 , 12.04 ,,,,,,,,,,,,
2008,Michigan," 10,002,486.00 ", 554.00 ," 357,335.00 "," 3,572 ", 5.54 , 4.89 , 10.59 ,,,,,,,,,,,,
2008,Ohio," 11,528,072.00 ", 551.00 ," 350,014.00 "," 3,036 ", 4.78 , 3.49 , 9.51 ,,,,,,,,,,,,
2008,North Carolina," 9,247,134.00 ", 605.00 ," 347,473.00 "," 3,758 ", 6.54 , 5.01 , 12.37 ,,,,,,,,,,,,
2008,Missouri," 5,956,335.00 ", 456.00 ," 321,487.00 "," 5,397 ", 7.66 , 6.04 , 13.35 ,,,,,,,,,,,,
2008,Washington," 6,566,073.00 ", 193.00 ," 316,589.00 "," 4,822 ", 2.94 , 1.80 , 8.48 ,,,,,,,,,,,,
2008,Alabama," 4,677,464.00 ", 357.00 ," 299,432.00 "," 6,402 ", 7.63 , 7.46 , 17.42 ,,,,,,,,,,,,
2008,Kentucky," 4,287,931.00 ", 202.00 ," 291,326.19 "," 6,794 ", 4.71 , 3.73 , 13.27 ,,,,,,,,,,,,
2008,Colorado," 4,935,213.00 ", 156.00 ," 285,521.00 "," 5,785 ", 3.16 , 2.03 , 9.87 ,,,,,,,,,,,,
2008,Tennessee," 6,240,456.00 ", 412.00 ," 282,819.00 "," 4,532 ", 6.60 , 5.38 , 15.66 ,,,,,,,,,,,,
2008,Virginia," 7,795,424.00 ", 370.00 ," 278,974.00 "," 3,579 ", 4.75 , 3.22 , 10.25 ,,,,,,,,,,,,
2008,Minnesota," 5,230,567.00 ", 109.00 ," 277,175.00 "," 5,299 ", 2.08 , 1.11 , 6.63 ,,,,,,,,,,,,
2008,Louisiana," 4,451,513.00 ", 541.00 ," 248,355.00 "," 5,579 ", 12.15 , 9.52 , 17.93 ,,,,,,,,,,,,
2008,New York," 19,467,789.00 ", 836.00 ," 221,920.00 "," 1,140 ", 4.29 , 2.58 , 4.79 ,,,,,,,,,,,,
2008,Oklahoma," 3,644,025.00 ", 212.00 ," 221,612.00 "," 6,082 ", 5.82 , 4.03 , 13.53 ,,,,,,,,,,,,
2008,Indiana," 6,388,309.00 ", 322.00 ," 219,900.00 "," 3,442 ", 5.04 , 3.49 , 10.80 ,,,,,,,,,,,,
2008,Arizona," 6,499,377.00 ", 454.00 ," 208,721.00 "," 3,211 ", 6.99 , 5.08 , 13.57 ,,,,,,,,,,,,
2008,Arkansas," 2,867,764.00 ", 164.00 ," 191,799.00 "," 6,688 ", 5.72 , 5.02 , 15.13 ,,,,,,,,,,,,
2008,Wisconsin," 5,627,610.00 ", 146.00 ," 186,819.00 "," 3,320 ", 2.59 , 1.28 , 7.39 ,,,,,,,,,,,,
2008,South Carolina," 4,503,280.00 ", 307.00 ," 184,941.00 "," 4,107 ", 6.82 , 5.40 , 13.23 ,,,,,,,,,,,,
2008,Utah," 2,727,343.00 ", 40.00 ," 181,592.00 "," 6,658 ", 1.47 , 0.81 , 7.99 ,,,,,,,,,,,,
2008,Mississippi," 2,940,212.00 ", 234.00 ," 181,068.00 "," 6,158 ", 7.96 , 8.33 , 18.47 ,,,,,,,,,,,,
2008,Oregon," 3,782,991.00 ", 85.00 ," 179,887.00 "," 4,755 ", 2.25 , 1.03 , 9.46 ,,,,,,,,,,,,
2008,Connecticut," 3,502,932.00 ", 132.00 ," 155,885.00 "," 4,450 ", 3.77 , 2.48 , 5.60 ,,,,,,,,,,,,
2008,West Virginia," 1,814,873.00 ", 67.00 ," 147,689.00 "," 8,138 ", 3.69 , 1.49 , 12.12 ,,,,,,,,,,,,
2008,Kansas," 2,797,375.00 ", 113.00 ," 126,084.00 "," 4,507 ", 4.04 , 2.57 , 9.19 ,,,,,,,,,,,,
2008,Massachusetts," 6,543,595.00 ", 167.00 ," 119,859.00 "," 1,832 ", 2.55 , 1.48 , 3.19 ,,,,,,,,,,,,
2008,Iowa," 2,993,987.00 ", 77.00 ," 108,330.00 "," 3,618 ", 2.57 , 0.63 , 6.65 ,,,,,,,,,,,,
2008,New Mexico," 1,986,763.00 ", 150.00 ," 106,131.00 "," 5,342 ", 7.55 , 4.33 , 14.14 ,,,,,,,,,,,,
2008,Idaho," 1,527,506.00 ", 23.00 ," 100,457.00 "," 6,577 ", 1.51 , 0.65 , 10.41 ,,,,,,,,,,,,
2008,Montana," 968,035.00 ", 33.00 ," 97,599.00 "," 10,082 ", 3.41 , 1.34 , 14.98 ,,,,,,,,,,,,
2008,Nevada," 2,615,772.00 ", 165.00 ," 95,252.00 "," 3,641 ", 6.31 , 3.63 , 14.76 ,,,,,,,,,,,,
2008,Maryland," 5,658,655.00 ", 493.00 ," 89,583.00 "," 1,583 ", 8.71 , 6.54 , 11.47 ,,,,,,,,,,,,
2008,New Hampshire," 1,321,872.00 ", 14.00 ," 67,293.00 "," 5,091 ", 1.06 , -   , 6.43 ,,,,,,,,,,,,
2008,South Dakota," 804,532.00 ", 37.00 ," 62,489.00 "," 7,767 ", 4.60 , -   , 7.95 ,,,,,,,,,,,,
2008,Alaska," 688,125.00 ", 27.00 ," 61,729.00 "," 8,971 ", 3.92 , -   , 16.86 ,,,,,,,,,,,,
2008,Nebraska," 1,781,949.00 ", 69.00 ," 56,589.00 "," 3,176 ", 3.87 , 2.58 , 7.86 ,,,,,,,,,,,,
2008,Maine," 1,319,691.00 ", 31.00 ," 56,561.00 "," 4,286 ", 2.35 , -   , 7.80 ,,,,,,,,,,,,
2008,Wyoming," 532,981.00 ", 12.00 ," 49,255.00 "," 9,241 ", 2.25 , -   , 16.32 ,,,,,,,,,,,,
2008,North Dakota," 641,421.00 ", 5.00 ," 46,832.00 "," 7,301 ", 0.78 , -   , 8.57 ,,,,,,,,,,,,
2008,New Jersey," 8,663,398.00 ", 376.00 ," 40,525.00 ", 468 , 4.34 , 2.74 , 4.66 ,,,,,,,,,,,,
2008,Vermont," 621,049.00 ", 17.00 ," 21,991.00 "," 3,541 ", 2.74 , -   , 6.60 ,,,,,,,,,,,,
2008,Delaware," 876,211.00 ", 57.00 ," 18,102.00 "," 2,066 ", 6.51 , 5.71 , 10.39 ,,,,,,,,,,,,
2008,Rhode Island," 1,053,502.00 ", 31.00 ," 12,405.00 "," 1,178 ", 2.94 , 1.80 , 3.61 ,,,,,,,,,,,,
2008,Hawaii," 1,287,481.00 ", 26.00 ," 8,569.00 ", 666 , 2.02 , 0.78 , 2.87 ,,,,,,,,,,,,
2009,Texas," 24,782,302.00 "," 1,330.00 "," 1,014,015.00 "," 4,092 ", 5.37 , 4.05 , 10.80 ,,,,,,,,,,,,
2009,California," 36,961,664.00 "," 1,972.00 "," 788,164.00 "," 2,132 ", 5.34 , 3.95 , 8.34 ,,,,,,,,,,,,
2009,Illinois," 12,910,409.00 ", 773.00 ," 752,071.00 "," 5,825 ", 5.99 , 4.81 , 8.11 ,,,,,,,,,,,,
2009,Pennsylvania," 12,604,767.00 ", 664.00 ," 641,696.00 "," 5,091 ", 5.27 , 3.80 , 10.59 ,,,,,,,,,,,,
2009,Florida," 18,537,969.00 "," 1,017.00 "," 556,540.00 "," 3,002 ", 5.49 , 4.34 , 12.44 ,,,,,,,,,,,,
2009,Tennessee," 6,296,254.00 ", 468.00 ," 408,991.00 "," 6,496 ", 7.43 , 5.43 , 15.17 ,,,,,,,,,,,,
2009,Ohio," 11,542,645.00 ", 527.00 ," 395,580.00 "," 3,427 ", 4.57 , 3.17 , 8.50 ,,,,,,,,,,,,
2009,Georgia," 9,829,211.00 ", 566.00 ," 373,237.00 "," 3,797 ", 5.76 , 4.64 , 12.48 ,,,,,,,,,,,,
2009,North Carolina," 9,380,884.00 ", 489.00 ," 368,460.00 "," 3,928 ", 5.21 , 4.33 , 11.73 ,,,,,,,,,,,,
2009,Michigan," 9,969,727.00 ", 623.00 ," 362,172.00 "," 3,633 ", 6.25 , 4.97 , 10.73 ,,,,,,,,,,,,
2009,Missouri," 5,987,580.00 ", 387.00 ," 355,678.00 "," 5,940 ", 6.46 , 5.33 , 13.36 ,,,,,,,,,,,,
2009,Washington," 6,664,195.00 ", 190.00 ," 336,732.00 "," 5,053 ", 2.85 , 1.70 , 9.08 ,,,,,,,,,,,,
2009,Alabama," 4,708,708.00 ", 322.00 ," 317,868.00 "," 6,751 ", 6.84 , 6.73 , 17.48 ,,,,,,,,,,,,
2009,Kentucky," 4,314,113.00 ", 184.00 ," 317,796.97 "," 7,366 ", 4.27 , 2.90 , 12.24 ,,,,,,,,,,,,
2009,Colorado," 5,024,748.00 ", 159.00 ," 313,641.00 "," 6,242 ", 3.16 , 2.15 , 11.18 ,,,,,,,,,,,,
2009,Virginia," 7,882,590.00 ", 370.00 ," 296,463.00 "," 3,761 ", 4.69 , 3.45 , 10.34 ,,,,,,,,,,,,
2009,Minnesota," 5,266,214.00 ", 74.00 ," 285,130.00 "," 5,414 ", 1.41 , 0.68 , 6.02 ,,,,,,,,,,,,
2009,Indiana," 6,423,113.00 ", 312.00 ," 273,803.00 "," 4,263 ", 4.86 , 3.72 , 11.15 ,,,,,,,,,,,,
2009,Utah," 2,784,572.00 ", 39.00 ," 256,136.00 "," 9,198 ", 1.40 , 0.90 , 8.69 ,,,,,,,,,,,,
2009,Louisiana," 4,492,076.00 ", 529.00 ," 247,084.00 "," 5,500 ", 11.78 , 9.88 , 17.59 ,,,,,,,,,,,,
2009,New York," 19,541,453.00 ", 781.00 ," 241,165.00 "," 1,234 ", 4.00 , 2.56 , 4.86 ,,,,,,,,,,,,
2009,Oklahoma," 3,687,050.00 ", 234.00 ," 234,562.00 "," 6,362 ", 6.35 , 4.01 , 13.86 ,,,,,,,,,,,,
2009,Arizona," 6,595,778.00 ", 380.00 ," 215,379.00 "," 3,265 ", 5.76 , 3.46 , 12.63 ,,,,,,,,,,,,
2009,South Carolina," 4,561,242.00 ", 305.00 ," 214,584.00 "," 4,705 ", 6.69 , 5.11 , 13.66 ,,,,,,,,,,,,
2009,Arkansas," 2,889,450.00 ", 179.00 ," 209,842.00 "," 7,262 ", 6.19 , 5.40 , 15.26 ,,,,,,,,,,,,
2009,Connecticut," 3,518,288.00 ", 106.00 ," 202,454.00 "," 5,754 ", 3.01 , 2.19 , 4.63 ,,,,,,,,,,,,
2009,Wisconsin," 5,654,774.00 ", 146.00 ," 196,951.00 "," 3,483 ", 2.58 , 1.82 , 7.92 ,,,,,,,,,,,,
2009,Oregon," 3,825,657.00 ", 88.00 ," 185,043.00 "," 4,837 ", 2.30 , 1.44 , 10.46 ,,,,,,,,,,,,
2009,Mississippi," 2,951,996.00 ", 194.00 ," 167,057.00 "," 5,659 ", 6.57 , 6.67 , 15.79 ,,,,,,,,,,,,
2009,West Virginia," 1,819,777.00 ", 84.00 ," 156,831.00 "," 8,618 ", 4.62 , 2.36 , 12.14 ,,,,,,,,,,,,
2009,Kansas," 2,818,747.00 ", 125.00 ," 142,984.00 "," 5,073 ", 4.43 , 3.12 , 10.22 ,,,,,,,,,,,,
2009,Iowa," 3,007,856.00 ", 38.00 ," 120,233.00 "," 3,997 ", 1.26 , -   , 5.32 ,,,,,,,,,,,,
2009,Nevada," 2,643,085.00 ", 156.00 ," 107,343.00 "," 4,061 ", 5.90 , 3.52 , 14.68 ,,,,,,,,,,,,
2009,New Mexico," 2,009,671.00 ", 198.00 ," 106,854.00 "," 5,317 ", 9.85 , 4.13 , 13.68 ,,,,,,,,,,,,
2009,Montana," 974,989.00 ", 32.00 ," 101,976.00 "," 10,459 ", 3.28 , 1.64 , 15.59 ,,,,,,,,,,,,
2009,Idaho," 1,545,801.00 ", 24.00 ," 99,243.00 "," 6,420 ", 1.55 , -   , 11.39 ,,,,,,,,,,,,
2009,Massachusetts," 6,593,587.00 ", 173.00 ," 98,864.00 "," 1,499 ", 2.62 , 1.59 , 2.94 ,,,,,,,,,,,,
2009,Maryland," 5,699,478.00 ", 440.00 ," 95,191.00 "," 1,670 ", 7.72 , 5.44 , 10.11 ,,,,,,,,,,,,
2009,New Hampshire," 1,324,575.00 ", 11.00 ," 76,102.00 "," 5,745 ", 0.83 , -   , 6.19 ,,,,,,,,,,,,
2009,South Dakota," 812,383.00 ", 30.00 ," 63,748.00 "," 7,847 ", 3.69 , -   , 7.26 ,,,,,,,,,,,,
2009,Maine," 1,318,301.00 ", 26.00 ," 60,955.00 "," 4,624 ", 1.97 , -   , 8.04 ,,,,,,,,,,,,
2009,Alaska," 698,473.00 ", 22.00 ," 60,780.00 "," 8,702 ", 3.15 , 2.15 , 13.03 ,,,,,,,,,,,,
2009,Nebraska," 1,796,619.00 ", 41.00 ," 59,328.00 "," 3,302 ", 2.28 , 1.73 , 6.46 ,,,,,,,,,,,,
2009,New Jersey," 8,707,739.00 ", 319.00 ," 55,533.00 ", 638 , 3.66 , 2.52 , 4.50 ,,,,,,,,,,,,
2009,Wyoming," 544,270.00 ", 11.00 ," 51,395.00 "," 9,443 ", 2.02 , -   , 15.07 ,,,,,,,,,,,,
2009,North Dakota," 646,844.00 ", 12.00 ," 47,962.00 "," 7,415 ", 1.86 , -   , 6.96 ,,,,,,,,,,,,
2009,Vermont," 621,760.00 ", 8.00 ," 23,085.00 "," 3,713 ", 1.29 , -   , 8.52 ,,,,,,,,,,,,
2009,Delaware," 885,122.00 ", 41.00 ," 20,530.00 "," 2,319 ", 4.63 , 4.07 , 7.80 ,,,,,,,,,,,,
2009,Rhode Island," 1,053,209.00 ", 32.00 ," 14,799.00 "," 1,405 ", 3.04 , 1.33 , 5.03 ,,,,,,,,,,,,
2009,Hawaii," 1,295,178.00 ", 23.00 ," 10,511.00 ", 812 , 1.78 , -   , 2.39 ,,,,,,,,,,,,
,,,,," 3,969 ", (0.066), (0.09), 0.49 ,,,,,,,,,,,,
,,,,," 3,862 ", 1.54237 ,, 14.92519 ,,,,,,,,,,,,
,,,,,,,,,,,,,,,,,,,,
,,,,, r , (0.0655),, 0.4863 ,,,,,,,,,,,,
,,,,, r-squared , 0.0043 ,, 0.2365 ,,,,,,,,,,,,
,,,,, n , 550.00 ,, 550.00 ,,,,,,,,,,,,
,,,,, SE , 0.0425 ,, 0.0326 ,,,,,,,,,,,,
,,,,, r/SE , 1.5424 ,, 14.9252 ,,,,,,,,,,,,
